ID,Q1,Q2,Q3,Q4,Q5,Q6,Q7,Q8,Q9,Q10,Q11,Q12,Sub1,Sub2,Sub3,Total
S1,1,1,1,1,1,1,1,1,1,1,1,1,4,4,4,12
S2,1,1,1,1,1,1,1,1,1,1,0,1,4,4,3,11
S3,1,1,1,1,1,1,1,1,1,1,1,1,4,4,4,12
S4,1,1,1,1,0,1,1,1,0,1,0,1,4,3,2,9
S5,1,1,1,1,1,1,1,1,1,1,1,1,4,4,4,12
S6,1,1,1,1,1,1,1,1,1,1,1,1,4,4,4,12
S7,1,1,1,1,1,1,0,1,1,1,0,1,4,3,3,10
S8,1,1,1,1,1,1,1,1,1,1,1,1,4,4,4,12
S9,1,1,1,1,1,1,1,1,1,1,0,1,4,4,3,11
S10,1,1,1,1,1,1,1,1,1,1,1,1,4,4,4,12
S11,1,1,1,1,0,1,1,1,0,1,0,1,4,3,2,9
S12,1,1,1,1,1,1,1,1,1,1,1,1,4,4,4,12
S13,1,1,1,1,1,1,1,1,1,1,1,1,4,4,4,12
S14,1,1,1,1,1,1,1,1,1,1,1,1,4,4,4,12
S15,1,1,1,1,1,1,1,1,1,1,1,1,4,4,4,12
S16,1,1,1,1,0,1,1,1,0,1,0,1,4,3,2,9
S17,1,1,1,1,1,1,1,1,1,1,1,1,4,4,4,12
S18,1,1,1,1,1,1,1,1,1,1,0,1,4,4,3,11
S19,1,1,1,1,1,1,1,1,1,1,1,1,4,4,4,12
S20,1,1,1,1,1,1,1,1,1,1,1,1,4,4,4,12
S21,1,1,1,1,1,1,1,1,1,1,1,1,4,4,4,12
S22,1,1,1,1,0,1,1,1,0,1,0,1,4,3,2,9
S23,1,1,1,1,1,1,1,1,1,1,1,1,4,4,4,12
S24,1,1,1,1,1,1,0,1,1,1,0,1,4,3,3,10
S25,1,1,1,1,1,1,1,1,1,1,1,1,4,4,4,12
S26,1,1,1,1,1,1,1,1,1,1,1,1,4,4,4,12
S27,1,1,1,1,0,1,1,1,0,1,0,1,4,3,2,9
S28,1,1,1,1,1,1,1,1,1,1,1,1,4,4,4,12
S29,1,1,1,1,1,1,1,1,1,1,1,1,4,4,4,12
S30,1,1,1,1,1,1,1,1,1,1,1,1,4,4,4,12
S31,1,1,1,1,1,1,1,1,1,1,0,1,4,4,3,11
S32,1,1,1,1,1,1,1,1,1,1,1,1,4,4,4,12
S33,1,1,1,1,1,1,1,1,1,1,1,1,4,4,4,12
S34,1,1,1,1,0,1,1,1,0,1,0,1,4,3,2,9
S35,1,1,1,1,1,1,1,1,1,1,1,1,4,4,4,12
S36,1,1,1,1,1,1,0,1,1,1,0,1,4,3,3,10
S37,1,1,1,1,1,1,1,1,1,1,1,1,4,4,4,12
S38,1,1,1,1,1,1,1,1,1,1,1,1,4,4,4,12
S39,1,1,1,1,1,1,1,1,1,1,1,1,4,4,4,12
S40,1,1,1,1,0,1,1,1,0,1,0,1,4,3,2,9
S41,1,1,1,1,1,1,1,1,1,1,1,1,4,4,4,12
S42,1,1,1,1,1,1,1,1,1,1,0,1,4,4,3,11
S43,1,1,1,1,1,1,1,1,1,1,1,1,4,4,4,12
S44,1,1,1,1,1,1,1,1,1,1,1,1,4,4,4,12
S45,1,1,1,1,0,1,1,1,0,1,0,1,4,3,2,9
S46,1,1,1,1,1,1,1,1,1,1,1,1,4,4,4,12
S47,1,1,1,1,1,1,1,1,1,1,1,1,4,4,4,12
S48,1,1,1,1,1,1,1,1,1,1,1,1,4,4,4,12
S49,1,1,1,1,1,1,1,1,0,1,0,1,4,4,2,10
S50,1,1,1,1,1,1,1,1,1,1,1,1,4,4,4,12
